label,model_name,prompt_type,macro_accuracy,macro_precision,macro_recall,macro_f1
qwen2.5-7b (zeroshot),qwen2.5-7b,zeroshot,0.9163969795037756,0.7028908662441086,0.6576660707400007,0.6714929785661493
qwen2.5-7b (fewshot),qwen2.5-7b,fewshot,0.883495145631068,0.5595835895333744,0.7466477372313949,0.6231772291801009
qwen2.5-7b (cot),qwen2.5-7b,cot,0.7851492268967997,0.46649607699637685,0.6761316179993222,0.5118790100421847
qwen2.5-7b (selfconsistency),qwen2.5-7b,selfconsistency,0.5517799352750808,0.24178043406564742,0.7648087776492446,0.33237658011179577
